0,Powder Blue
1,BLack
2,black15
3,gray-17
4,Wildfire
5,With Top Shot Elite
6,Camo-Series-4-Pack
7,Time Card: 60-Day
8,PlayStation 3-Collector's Edition
9,Jibanyan
10,black13
11,C10
12,Captain America
13,Plus Version
14,Rickenbacker 325
15,Donkey Kong
16,Jungle Green
17,gray-31
18,Scorp
19,Whirlwind
20,Black & Black
21,Deluxe Edition
22,GreenPurpleYellow
23,gray-29
24,Prism Break
25,Chop Chop
26,Season Pass
27,Blackblue
28,Zook
29,Premium Vehicle Pack
30,red-30
31,Color
32,1 Pack
33,Limited Edition
34,Blastermind
35,Splatter Splasher
36,Lucario
37,SPIDERMAN
38,Blue/Light Gray
39,Star Wars: Chewbacca Figure
40,Fright Rider Wrecking Ball Flameslinger
41,Orange USB
42,Complete
43,Mechanical
44,Standard (CD)
45,Diamond Black
46,Camouflage(RedGreenBlue)
47,Converter Only
48,Stereo Headset
49,ATHADG1 Open-Back Gaming Headset
50,1000 Points
51,Mario Kart Bundle
52,White
53,RGB Backlight
54,Fling Kong
55,Kiwi
56,Lightcore Hex
57,Super Bundle
58,Stereo w/ Dolby 7.1 Adapter-Red
59,Romantic Garden Stuff
60,Gunmetal Grey
61,MMO Wired
62,Speed - Hard Surface
63,Neon Pink
64,Lightcore Eruptor
65,AG9+
66,Black Legacy
67,Art Book Bundle
68,White + White
69,SA708
70,Black/blue
71,Apex M750 TKL
72,4x
73,PLAYSTATION 3 PlayStation2
74,Rival 310
75,Mouse Bungee
76,6 ft
77,2-Pack-Blue
78,94
79,Viper Red
80,Medium
81,Editor's Choice (DVD)
82,Shadow
83,SpiritWolf USB 7.1- Black Blue
84,P800 Wireless for PlayStation 4 Playstation 3
85,Nintendo DS
86,black7
87,Borderlands 2 Vita Bundle
88,Bronze
89,Light Blue
90,Collector
91,Wind Up
92,PS4
93,WII U Charger
94,Gray white
95,Inkling Boy
96,Silver
97,Sensei
98,Elite 120GB Spring 2009 bundle
99,Red Black
100,gray-28
101,Rosalina & Luma
102,MK1
103,Wild Hunt Expansion Pass
104,PS4 Gripmax Close
105,Siberia 800
106,gray-11
107,Xbox1 No Sweat Sniper
108,New
109,Xbox 360- Collector's Edition
110,Alice Figure
111,Matte Black
112,Chat Headset
113,20GB Pro
114,Exclusive SteelBook
115,Disney Originals Toy Box Game Discs
116,Lava Lance
117,Blue Switches
118,1 Month
119,DS502
120,K83 Red
121,Gloss black
122,Army Girl
123,Purple
124,MARIO KART
125,Blue Green Pink
126,Forged Red
127,gray-59
128,Xbox One Full Cover
129,Carolina Panthers
130,Apex RAW
131,CD-ROM
132,Dark Brown/Brown
133,Xbox 360 (FAT)
134,gray-35
135,red-28
136,Mecha-Membrane
137,POKEMON
138,Drill Sergeant
139,Racer Blue/Total Crimson Black
140,Black12
141,Original Black
142,black orange
143,P010-104 keys Mechanical-Similar gaming keyboard-Intermediate Level Gamer
144,Black10
145,gray-21
146,Brown Switches
147,Alabama Crimson Tide
148,Matte Blue
149,250GB Spring Value Bundle
150,Orange Black
151,EMS 109L
152,Inside Out: Disgust Figure
153,Omega Ruby
154,Guitar Kit
155,Tournament
156,one size
157,SA921 Blue
158,Fire Bone Hot Dog
159,Siberia 150
160,Camo-Grip-Series
161,Fiesta
162,Shark Tank
163,200 Points
164,PLAYSTATION 3
165,Epic
166,H
167,Dandelion
168,Dark Blue
169,With Gun
170,Crimson Red 2
171,Cross for Playstation 3
172,Wreck-It-Ralph Toy Box Pack
173,Sonic
174,Game + Expansion Pass
175,Cobalt/Black
176,Bop & Terrabite
177,Black & Gold
178,CGMM200
179,Onyx Black
180,Cool Kitchen Stuff
181,USB Dolby 7.1 Surround Sound -Gun Metal
182,Toy Box Takeover
183,Rapid - CherryMX Red
184,Origins
185,Star Wars The Force Awakens: Play Set
186,Trigger Happy
187,Model AVIOR 8200
188,Hog Wild Fryno
189,Whirlwind Double Trouble Drill Sergeant
190,Sea Shadow
191,City Survival Pack
192,Phantom
193,3.8mm 4.5mm Security Screwdriver
194,League of Legends
195,Charger
196,Black & Grey
197,black case
198,CamouRed
199,White Shell
200,Battlefield 3 edition
201,Style 2#
202,Polar White
203,R.A.T. 5
204,Urban Camouflage
205,Soft Touch Red
206,Black18
207,Super Mario
208,Wireless Keyboard & Mouse Bundle
209,White/Gray
210,Sapphire Blue
211,Blue/White
212,K
213,Zootopia: Nick Wilde Figure
214,Grip 300 Gaming Mouse
215,Bluetooth Controller 1
216,Mr. Game & Watch
217,Wii U
218,Kane
219,High Volt
220,Black (No Backlight)
221,SHIELD Pro
222,Siberia 650
223,Raptor HS40
224,E-T8 Blue
225,Digital Standard
226,Spectre
227,Stratus
228,Black (1 Pack)
229,SA917 Camouflage
230,MM200
231,Marvel: Hulkbuster Figure
232,Nintendo Wii U
233,Wired Mouse
234,Glow
235,Ultimate - CherryMX Brown
236,Xbox One Chatpad -Old Version
237,Big Bang Trigger Happy Star Strike Anchors Away Gill Grunt
238,Double-Color
239,Pokemon Group with Charizard Stylus
240,Black5
241,1
242,Diamond Clear
243,Standard (Black)
244,2-Pack-Camouflage-Blue
245,SA903 Black
246,World of Warcraft
247,46
248,Ignitor Warnado Camo
249,Toon Link
250,Star Wars Rebels: Kanan Jarrus Figure
251,Jungle Book: Baloo
252,Mac
253,Battery & Cable
254,16 Meg
255,Game with Bonus Art Concept Book
256,Playstation TV
257,500GB Forza Horizon 2
258,Urban Camo
259,Retro Mario
260,Inkling Girl
261,Hoverboard Bonus Pack
262,70
263,A2
264,Exclusive Collector's
265,Wireless Receiver
266,BLUE LEOPARD PRINT
267,Hex
268,Excalibur
269,Blue Flames
270,320GB Slim
271,Electric Blue
272,NESPI-03
273,Black31
274,Limited
275,Retro Mario Set
276,Black 2
277,SA902
278,gray-18
279,Metallic Rose
280,Special Anime Pack
281,PS4 Battery
282,Gearshift
283,Splatoon Series 3-Pack (Alt Colors)
284,Shock
285,Mega Ram Spyro - Blizzard Chill - Zoo Lou
286,Ti-Apex Silver
287,4000dpi Copper Mouse
288,120 Crowns
289,Platinum Collection - Second
290,Legend Gold
291,With Phone Bracket
292,6 M US Toddler
293,gray-58
294,RK-700M
295,red-19
296,Wii Fit Trainer
297,Lime Green
298,K985
299,A7
300,Transparent Clear
301,Phineas
302,Lord Of The Rings Gimli Fun Pack
303,Cartel Coins: 5500
304,Stereo - Analog/Console
305,NEON K51 WHITE
306,Pearl White
307,Short Cut
308,01 - Xbox 360 PS4 Wii U - Black/Red
309,Black Green
310,Jewel Case
311,3 Month Membership and 6000 AC
312,RGB LED backlight (Black)
313,PS4 No Sweat Sniper
314,Modern Color
315,Wario
316,WiiU
317,Pro Console 20GB
318,Stereo (White)
319,Excalibur Spectrum
320,PC / Mac
321,PixArt ADNS-9800 Laser Sensor Module
322,New 3DS (Regular)
323,red-14
324,SILVER
325,Laser Mouse
326,Platinum Hits
327,Durandal
328,Old 3DS XL (XL Version)
329,Xbox One Keyboard
330,Lightcore Flashwing
331,Sun
332,MM400
333,Black17
334,Aluminum
335,DSI XL
336,Philips PLN2037 twin-eye laser Sensor Module
337,Wii
338,Console
339,Kickoff Countdown
340,Steelbook
341,250GB Halo Reach Bundle
342,Lucas
343,Camo Charge
344,Mario Galaxy
345,MM
346,Indigo
347,420X New
348,PC
349,Thunderbolt
350,Star Wars Twilight of the Republic: Play Set
351,red-33
352,Blood Hand
353,Limited  Premium Bundle
354,Peach - Pink
355,2 fans with stand
356,Camo
357,Expansion Pack only
358,Vengeance
359,Computer Game
360,TK - CherryMX Blue
361,Easter 2015 Power Punch Pet Vack
362,Cross for Xbox 360
363,Bison
364,Gloss blue
365,gray-48
366,60 Day Time Card
367,PC/Mac Download
368,Sony PlayStation 3
369,Horn Blast Whirlwind Rip Tide Hyper Beam Prism Break
370,62163
371,Premium Service
372,PlayStation
373,White Red
374,Ghoul (20 in 1)
375,Optical
376,Xbox One
377,Rising Tide
378,Miami Dolphins
379,2400 G1 Credits
380,Naga Hex V2
381,Luxury
382,Naval Storm
383,Soniq Boom SP
384,2000 Points
385,Cartel Coins: 2400
386,Zap - Scorpion Striker - Hot Dog
387,2 Wii MotionPlus Bundle
388,Nintendo 64
389,Deluxe Bundle
390,01 - Xbox 360 PS4 Wii U - Glow in the Dark
391,Sega Saturn
392,P100
393,60GB
394,Rapid - CherryMX Blue
395,Black/ Yellow
396,red-17
397,Mewtwo
398,Marvel Super Heroes Power Disc Pack
399,NES30*Black/Red
400,RGB Backlight (White)
401,Game
402,gray-63
403,Enigma
404,$20 Gift Card
405,Agent P
406,Favorites Pack
407,Little Mac
408,gray-23
409,Zootopia: Power Disc Pack
410,Siberia 840
411,Tidal Wave Gill Grunt
412,Black/Blue
413,Jet Stream
414,Standard Version
415,5600dpi Laser Mouse
416,Digital Guardian
417,Bloody Claw
418,SA930 Purple
419,Black with Red back light
420,Ice Blue with Brain Age and Case
421,RAP 4 Premium VLX (Kuro)
422,Dark
423,32 GB
424,Halo 3 ODST
425,Black and Blue PS4 Headset
426,250GB Elite Final Fantasy XIII bundle
427,Captain Falcon
428,Reinforcement Pack
429,Digital Deluxe
430,Xbox One Standard (Red)
431,900 AdventureCoins Package
432,Prestige
433,Pro 20GB
434,black
435,red-32
436,Gray Blue
437,Amazon Bundle
438,USA
439,Torch
440,Scare Party
441,gray-65
442,ABSTRACT TARGET?
443,Brushed Aluminum
444,Gusto
445,P1
446,5.2 inches
447,10 ft
448,Mac Online Game Code
449,Star Wars The Force Awakens: Power Disc Pack
450,Transparent Red
451,Limited Edition Spring 2014 Fryno
452,Pirate Seas
453,Full Blast Jet Vac
454,Newest Version
455,Woody
456,Blue Purple Lines
457,400 Points
458,red-25
459,Neon Orange
460,Cherry MX Brown (RGB LED)
461,Sony Playstation 3
462,Flame
463,windows_xp
464,Miku (20 in 1)
465,PlayStation 4 - Launch Day Edition
466,Matte black
467,29
468,Xbox1 Gripmax Sniper
469,2800 Points
470,Skateboard Bundle
471,Camouflage
472,Gloss Black
473,Gold
474,Red LED
475,Silver - with In-Line Audio Control
476,Cherry MX Brown + Blue LED
477,Fire
478,Hyper Bean Prism Break
479,Sword Art (20 in 1)
480,Aluminum w Build-in USB
481,RGB-White
482,Palutena
483,X800 Wireless for Xbox One Xbox 360
484,Peach
485,Ike
486,Hardened
487,Wii U - Special Edition
488,Standard with Amazon Exclusive Art Book
489,VENGEANCE MX Red RGB
490,Red Blue
491,Black / Yellow.
492,for pc
493,Breeze & Pet Vac
494,Ken
495,Bowser
496,15-day Premium
497,Controller Emulator
498,Transparent White
499,102 ft
500,3DS-443U
501,Cherry MX Red (RGB LED)
502,Normal Edition
503,Ka Boom
504,Single
505,A30
506,Unknown Binding
507,Older Version
508,Drobit & Trigger Snappy
509,16-in-1
510,Vault Hunter
511,Wham Shell
512,Cherry MX Red Switch
513,RGB LED
514,XL
515,PS Vita - Textured
516,Racing Land Pack
517,Twin Blade Chop Chop
518,Optical Sensor
519,spirit wolf 3.5 BlackRed
520,Screen
521,Rapunzel
522,TE2+
523,gray-20
524,9 Gaming Surface
525,Multicoloured
526,Shadow Blue
527,red-27
528,Cherry MX Brown (Red LED)
529,Lava Barf Eruptor - Slobber Tooth - Super Gulp Pop Fizz
530,SKIN + QSX-E GRIPS
531,A5
532,Phone Controller
533,Wave Blue
534,$60 Gift Card
535,ManO'War Tournament Edition - Overwatch
536,Pokemon White
537,DARK GRAY
538,3.8mm + 4.5mm + trigram triwing Screwdriver
539,AlumiCase
540,Collection
541,Xbox One Standard
542,Cobalt
543,Light Wood
544,Gaming Headset for PS4
545,Sorcerer's Apprentice Mickey
546,Sensei RAW
547,Xbox One Standard (Black)
548,Akuma
549,Hardcover
550,3 Month
551,Mass Effect 3
552,24-in-1
553,Megalodon Shark
554,35
555,2+2 Black
556,Pink
557,32 Meg
558,LJ-RIWZ-D3GM
559,Fryno
560,X-1 TS+Dpads Gold
561,Windows
562,Anthracite
563,gray-66
564,PlayStation 3
565,Orange 3.5mm Jacks Version
566,Frightful Fiesta
567,Arkeyan Crossbow Battle Pack
568,FINAL FANTASY XIV Online
569,SA738
570,Standard PC
571,MK3White-Blue switches
572,Yellow
573,Big Bang Trigger Happy S3
574,gray-39
575,amiibo Question Block Case
576,NEON STARS
577,Forza 2
578,Winterfest Lob-Star
579,X-1 TS+Dpad Red
580,Star Strike
581,Arcmage Black Yellow
582,Game of the Year - Deluxe
583,for PlayStation 4 & 3
584,01 - Xbox 360 PS4 Wii U - Black/Blue
585,Drobot Flameslinger Stump Smash
586,Large
587,Hard
588,Ferrari Racing Wheel
589,amiibo End Level Display
590,black10
591,without AC Adapter
592,Black with Blue
593,Falco
594,Xbox 360 Digital Code
595,Gold Dragon Scales
596,In Too Deep
597,Toy Box
598,Advanced Pack
599,Clear White
600,Naga Epic Chroma
601,H2100 Greyhawk 7.1 Gaming Headset
602,Arctic White
603,Galactic
604,Black&Red
605,$70 Gift Card
606,Cloth
607,Sun Runner
608,Camo-Series-3-Pack
609,Green - Bluetooth USB Audio Transmitter
610,Mamba Elite
611,Grip 500 Gaming Mouse
612,Greninja
613,Arcade w/ Bonus Game
614,Get to Work
615,Single Pack
616,Green Weeds
617,TRANSFORMERS A
618,Mass Effect 3 edition
619,HOT PINK
620,Warlords of Draenor
621,10 Treasure Hunter Keys
622,Tower of Time Adventure Pack
623,Horn Blast Whirlwind
624,PC Instant Access
625,Mii Swordfighter
626,Knockout Terrafin S3
627,Lightcore Countdown
628,Mario Kart
629,PLAYSTATION 3 PSN code
630,Pokemon - Team Valor
631,Tiger Shark
632,Star Wars: Obi-Wan Kenobi Figure
633,YELLOW
634,With Comic
635,Mario Odyssey
636,Cherry MX Brown (RED LED)
637,Pac-Man
638,Nightmare Express
639,SA701 White
640,Nintendo 3DS Digital Code
641,Free Demo
642,3DS XL (2015)
643,spirit wolf 3.5 blue
644,No Headset
645,Multicolor Key (Black)
646,Nightfall
647,gray-19
648,Standard Edition
649,with Microphone
650,1#
651,Sonic Boom
652,12000 AdventureCoins Package
653,Black Blue 2
654,55
655,Disney: Minnie Mouse Figure
656,2nd
657,case & fan
658,gray-38
659,Star Wars Rebels: Sabine Wren Figure
660,125W
661,Black&blue
662,DEEP BLUE
663,Wired
664,Ultimate Battlefield 4
665,RED
666,Extended Black
667,Love Is Over Deluxe
668,gray-33
669,Txtured Red
670,SA905
671,Compact
672,Blizzard Chill S2
673,20th Anniversary
674,Guile
675,Deluxe Carrying Case
676,Lightcore Smolderdash
677,Gloomy Pug
678,Black7
679,With Wii Motion Plus
680,Multicolor
681,17.5 x 14 x 7 inches
682,Tournament - Battlefield 3
683,Star Wars Rebels: Zeb Orrelios Figure
684,Grey
685,G2000-Blue
686,K20 Mechanical Keyboard Gaming
687,Headset
688,Elite 120GB 2008 Holiday bundle
689,Easter 2015 Eggsellent Weeruptor
690,Dark Black
691,GM40 BLACK GAMING MOUSE
692,Cards
693,Black - Pokemon Bundle
694,Collector's Edition Bundle
695,Ruby Red
696,Rival 300
697,Apple MFi Certified Bluetooth Gamepad - White
698,NEON K51 BLACK
699,139
700,68keys gateron brown switch black
701,Dark Grey
702,No Backlight (Black)
703,02 - Xbox 360 PS4 Wii U - Blue
704,Charging Cable
705,Definitive
706,Chrome Red
707,20
708,Microphone Bundle
709,Black26
710,Developer's Cut
711,Dual Pack - Donkey Kong-Barrell Blaste
712,CHERRY MX Brown RGB
713,red-20
714,Leopard
715,Line for Playstation 3
716,Day One
717,SA903 Red Black
718,Black4
719,Includes Gift with Purchase
720,White Black
721,Black/red
722,Bomb Black
723,Optical Gaming Mouse
724,Early Tip Off
725,PS Vita
726,Rival 100
727,Eruptor
728,Laser Sensor
729,Ultimate  Bundle
730,Inside Out: Bundle - Amazon Exclusive
731,Controller - Halo 5 Spartan Locke
732,POKEMON WORLD
733,Expansion Pass
734,Laser
735,AW50 Black White
736,PC/Mac
737,Blood
738,Sony PSP
739,VENGEANCE MX Red RED LED
740,Lightcore Whamshell
741,Atlas Pro
742,Teal/ Navy
743,Extreme
744,No Phone Bracket
745,Bundle with Dance Mat
746,Brown Cherry MX
747,Standard edition
748,Task Force
749,Lightcore Bumble Blast
750,Camera Mount
751,169 ft
752,Burgundy
753,SA708 Blue
754,Burning Crusade
755,3DS-422U
756,Red/black
757,Racer Racing Wheel
758,WiiU-Remote included
759,Backlit
760,gray-42
761,Wine
762,Cherry MX Blue + Blue LED
763,Urban Night
764,Kirby
765,Easter 2015 Earth Trap
766,Bushwhack
767,Rival 700
768,GOLD SHELL
769,2+2 White
770,Premium Value Pack
771,4GB Peggle Bundle
772,One Color
773,Black
774,12000 EMP
775,Head Rush
776,Red Backlight (Black)
777,Game Of The Generation
778,120 x 62 x 38 mm
779,Gill Grunt S3
780,Dual Pack -  Bowser-Clown Cruiser
781,DearhAdder - Black Ops 3
782,16000 DPI
783,Pink Zebra
784,Limited Edition Spring 2014 Springtime Trigger Happy S3
785,"White *Exclusive ""I made this"" Edition*"
786,Pokemon Group with Pikachu Stylus
787,Empire of Ice
788,black6
789,PINK
790,Optical Mouse
791,Onyx
792,Pro Power
793,124 x 64 x 36 mm
794,Disco Fever
795,GREEN
796,Soft Touch Orange
797,1300
798,No LED
799,B1
800,Silver Black
801,!Only Bluetooth 2.0
802,Super Gulp Pack Pop Fizz S2
803,Stealth Elf
804,Luxury Party Stuff
805,Translucent Blue
806,Splatoon 3-pack
807,Not Machine Specific
808,PC Online Game Code
809,Black+Red
810,72
811,Snow-white
812,Matte Finish
813,SA708GT Black Blue
814,PS4 No Sweat Close
815,Nintendo Switch
816,DeathAdder Chroma
817,Flameslinger
818,Pro Value Bundle
819,PC/MAC CD
820,Red & Black
821,Metallic Blue
822,Dark Wood
823,Mabel
824,Instant Access
825,Wallop
826,Gold-Steam
827,Marvel: Black Suit Spider-Man Figure
828,Toy
829,Xbox
830,Ink
831,Marvel: Battlegrounds Power Disc Pack
832,blue
833,Crystal-Brown switches
834,Get Together
835,Pink + Pink
836,Collectors
837,Band-in-a-Box Bundle
838,Voodood
839,Black & Silver
840,SA708 Yellow
841,gray-16
842,1600 NCoin
843,Dark Military Green
844,Keyboard + mouse
845,104 Illuminated Keyboard LED Backlit
846,Standard RGB
847,Controller - Halo 5 Master Chief
848,Black.
849,Gunmetal Black
850,Pearl Blue
851,Golden
852,NESPI CASE
853,Alpha Sapphire
854,2-Pack - Black
855,s926
856,Blue White
857,Wheel + Shifter
858,Vanguard
859,Silver Base
860,Star Wars: Darth Maul Figure
861,Bone Bash Roller Brawl
862,Cynder
863,Ultimate - CherryMX Blue
864,Black16
865,Bull Shark
866,Lob-Star
867,Black8
868,For PC Red
869,Ice
870,Tough Pouch
871,SA710 White- USB Version
872,PRO S
873,Rod Bundle
874,$100 Gift Card
875,Rival 110
876,TiTOP Stand - Space Grey
877,gray-45
878,Shadow Purple
879,Sega Dreamcast
880,Star Wars The Force Awakens: Kylo Ren Figure
881,Ghost Roaster
882,Soft Touch Blue
883,P4-10 TS Black
884,USB HUB
885,KB-01
886,Mobile Headset
887,Lonely Skull
888,red-10
889,Resident Evil 5 Elite Red
890,Wall Charger (2 Pack)
891,B2
892,Warthog Flight Stick - PC
893,(BLACK)Brown Switch
894,PlayStation 2
895,1500
896,White/red
897,Red & Blue
898,Lego Hobbit Bundle (500GB)
899,Steam
900,Dive Bomber
901,V208
902,TiTOP Stand - Silver
903,Pit
904,Double Pack
905,Rapid-I Blue
906,Funny Bone
907,3 Feet
908,H2100 Wireless 7.1 Gaming Headset
909,Red
910,Bundle with Guitar
911,Black & Blue
912,PC/Mac Online Game Code
913,Spry & Mini Jini
914,Big Bubble Pop Fizz
915,Trail Blazer
916,Pro 60GB
917,Greatest Hits
918,Bundle (Includes Dance Mat)
919,Camouflage Red black
920,Rip Tide
921,Playstation 3
922,"Measurements: 15""w x 11.5""h"
923,Fizzy Frenzy Pop Fizz
924,ORANGE
925,240 Crowns
926,Standard with Controller
927,Bundle + 2 Controller Mounts
928,PC [Online Game Code]
929,69
930,Special Champion
931,115
932,Blue LED
933,Star Wars Rebels: Ezra Bridger Figure
934,Immerse GH60
935,ROG Gladius Mouse
936,Stormblade
937,40
938,Definitive Edition
939,GameCube
940,250 GB Elite Splinter Cell Conviction Bundle
941,Jawbreaker
942,Lightcore Chill
943,Xbox1 Gripmax Close
944,SA921 Orange Black
945,PC-Collector's Edition
946,12 Month
947,Blackout
948,Bundle with Gun
949,Black14
950,PlayStation Vita WiFi
951,BLACK
952,Toy Story Play Set
953,Zombie Blood
954,3.75in. x 3.75in. x 2.25in.
955,TK - CherryMX Red
956,Lightcore Grim Creeper
957,3600 Points
958,6 Month Membership and 7500 AC
959,Transparent Black
960,Dark Pit
961,gray-41
962,Expert pack
963,Black And Orange
964,Rainbow LED backlight (Black)
965,A1
966,Yoshi
967,gray-46
968,Hearts of Stone Expansion Pack
969,Star Wars: Rise Against the Empire Play Set
970,Zap
971,Bomb Skull
972,Knight Mare
973,Prism Break Lightning Rod Drill Sergeant
974,Standard with Comic
975,Episode 1
976,Spyro
977,Frozen: Olaf Figure
978,Robert
979,Mamba Chroma (Wireless)
980,Siberia Elite
981,gray-6
982,Kinopio Blue
983,Electronics
984,Amazon Quick Start Pack
985,Star Wars The Force Awakens: Kylo Ren Light FX Figure*
986,Wolf
987,RGB Color
988,Day 1
989,Lightcore Warnado
990,Turbo Jet Vac
991,Gaming Laser Mouse
992,Pokemon World
993,Dual Pack #4
994,Naga Chroma
995,Marth
996,Gamma
997,GMS5500
998,multi
999,Star Wars: Rise Against the Empire Bundle - Amazon Exclusive
1000,Deluxe
1001,color2
1002,Alloy Game
1003,Atomic Purple
1004,Tomorrowland: Power Disc Pack
1005,Villager
1006,TK - CherryMX Brown
1007,White Albino Edition
1008,gray-40
1009,Rosalina
1010,8.10in. x 6.80in. x 2.50in.
1011,w/ Bluethooth Headset
1012,The Good Dinosaur: Power Disc Pack
1013,Digital Game Code
1014,Apple MFi Certified Bluetooth Gamepad - Black
1015,Portal 2 bundle
1016,Chrome Gold
1017,Astroblast
1018,Metallic Silver
1019,A3
1020,Special Edition Bundle
1021,Mahogany
1022,Platinum
1023,Elite Pro Headset
1024,A60USB
1025,Circuit Board
1026,Countdown
1027,Pro headset
1028,gray-5
1029,red-18
1030,Free
1031,M45 5000 DPI optical sensor
1032,Collector's Edition
1033,2-Pack-Glow White
1034,Chrome Finish
1035,Black and Blue
1036,Disney Channel
1037,Bla ck 1 Pac k
1038,for PS4 & PS3
1039,Transformers
1040,Blue Flame
1041,USB
1042,Bundle
1043,PS3 & PC
1044,Digital Collector's
1045,Link
1046,PC [Download Code]
1047,Candy Apple Red
1048,75
1049,V2100 - Wireless 7.1
1050,Black Case
1051,The Good Dinosaur: Spot Figure
1052,Gloss orange
1053,Black with Screwdrivers
1054,Deathwing
1055,Black24
1056,Art Book Packaging
1057,Slobber Tooth
1058,Zootopia: Judy Hopps Figure
1059,Newest model
1060,Mac Download
1061,Black&Blue
1062,Collector's
1063,Blue & White
1064,SteelBook Launch
1065,Darklight Crypt
1066,Pop Fizz Whirlwind Trigger Happy Triple Pack
1067,Black19
1068,A6S Blue White
1069,PC Disc
1070,Crystallized
1071,GMS7510
1072,gray-12
1073,Shark Shooter
1074,Rapid - CherryMX Brown
1075,Animal Crossing 3-Pack
1076,Collector's - Outsider (Amazon-Exclusive)
1077,MARIO GALAXY B
1078,PlayStation 4 [Download Code]
1079,Coarse
1080,Teal
1081,Extended RGB
1082,Black/Wine
1083,gray-64
1084,Chroma
1085,Microsoft Xbox 360
1086,red-22
1087,9H Gaming Headset
1088,Wolf Soul
1089,Wired Controller
1090,2 Pack Original White
1091,Gaming Headset for PC (Black and blue)
1092,Allison
1093,1000 EMP
1094,Multi (4 Color)
1095,Game Boy Advance
1096,FUSION C30
1097,Tron: Quorra Figure
1098,Black 1 Pack
1099,Nintendo NES
1100,Ultimate
1101,Blue
1102,WiiU- Remote Included
1103,Steering Wheel Bundle
1104,Wired bundle
1105,PS4 Keyboard
1106,2 Pack
1107,Disney: Mickey Mouse Figure
1108,Luigi Version
1109,Elsa
1110,No Operating System
1111,White Blue
1112,ATHAG1 Closed-Back Gaming Headset
1113,Certified Refurbished
1114,Extended Red Edge
1115,$15 Gift Card
1116,Line for Xbox 360
1117,Fluo
1118,Star Wars The Force Awakens: Bundle - Amazon Exclusive
1119,Frustration-Free Packaging
1120,Zap Hex Dino Rang
1121,black8
1122,Siberia 350
1123,Wrecking Ball Stealth Elf Sonic Boom
1124,MGK1
1125,R.A.T. 7
1126,Sky Slicer
1127,Xbox 360 - White
1128,Dual Pack #2
1129,Spotlight
1130,PlayStation 4 - Limited Edition
1131,Single Red
1132,4000 NCoin
1133,Cherry MX Blue (RED LED)
1134,Lightning Rod
1135,white black
1136,$30 Gift Card
1137,Black/Silver
1138,Crimson Red
1139,1200 Points
1140,Robin
1141,Viper
1142,DeathAdder - World of Tanks
1143,2-Pack-Red
1144,Solid-Half-Cut-Series
1145,Hero Power
1146,4GB
1147,12 Months
1148,Yokai Watch (Jibanyan)
1149,Stereo
1150,Black USB
1151,Ultimate God Pack
1152,Camo-Half-Cut-Series
1153,Xbox 360
1154,PC [Digital Code]
1155,7 color Backlight
1156,Old 3DS (Regular)
1157,Glow in the Dark
1158,The Collection
1159,Tournament Edition
1160,Snorkel Blue
1161,Drobot
1162,Battle Chest
1163,Frozen Toy Box Set
1164,Soft Touch Green
1165,Xbox360
1166,1600 Points
1167,10000 DPI
1168,Yarn Bundle
1169,Full RGB
1170,PS3
1171,DeathAdder Essential - Left Hand
1172,124 x 64 x 39 mm
1173,Old Nintendo 3DS XL
1174,Arcade
1175,Military Green
1176,Moon
1177,red-26
1178,ManO'War (Wireless)
1179,with Bongos
1180,Shapes
1181,Great White Shark
1182,Director's
1183,Silver Anniversary Edition
1184,red-12
1185,Chameleon
1186,Clutch Series
1187,Whale Shark
1188,Transparent Yellow
1189,Sega Genesis
1190,BK
1191,Surround Sound
1192,Siberia 200
1193,Watermelon
1194,Duck Hunt
1195,Black Cherry MX
1196,Delta
1197,MGK1-RGB
1198,Marvel: Vision Figure
1199,Cherry MX Red + Red LED
1200,No Cable Included
1201,Controller
1202,Pokemon
1203,Software Download
1204,Personal Computers
1205,G3s
1206,Gaming Mouse
1207,Black + Black
1208,Rainbow Backlight (Black)
1209,Super Mario Bros. Bundle
1210,Europe/Australia
1211,Special
1212,Lightcore Star Strike
1213,Bat Spin
1214,DeathAdder Essential
1215,01 - Xbox 360 PS4 Wii U - Black/White
1216,USB Hub
1217,gray-37
1218,Game only
1219,Boo
1220,SA708 Mobile Phone Version
1221,1-Pack
1222,Cobalt Blue
1223,PS4 Thicker Half Cover
1224,135
1225,K10-104 Keys Floating Gaming Keyboard-suitable for office and gaming
1226,DS501
1227,4-Pack - Black/Red/Blue/Clear White Skin Case
1228,red blue purple
1229,Game Boy
1230,Power Blue - Splat
1231,Disney: Mickey and Minnie Bundle -Amazon Exclusive
1232,Michael Jordan Special
1233,Outdoor Retreat
1234,Blue Mechanical Switch
1235,1500 SMITE Gems
1236,Elite 120GB
1237,4600 EMP
1238,New 3DS XL (XL Version)
1239,BTC-938
1240,Black3
1241,2 Pack Solid-Series Blue
1242,63
1243,Far Harbor
1244,gray-24
1245,Black2
1246,Stereo - Black
1247,gray-26
1248,Mirror of Mystery
1249,White/Silver
1250,Xbox One Chatpad - Upgraded Version
1251,Brozone Color Shell
1252,Collector's Bundle
1253,SA920 White Black
1254,The Phenom
1255,Premier
1256,Wii U Digital Code
1257,Stand Alone
1258,gray-60
1259,Fright Rider
1260,Bash
1261,SHIELD
1262,Nintendo Super NES
1263,Thump Truck
1264,Star Wars: Darth Vader Figure
1265,Eruptor Chop Chop Bash
1266,White Backlit-Black
1267,60
1268,Bright Black
1269,G1b
1270,Disney Infinity Bundle 2.0 (12GB)
1271,The Wild Cards Premium
1272,New 3DS XL
1273,Chopper
1274,Analog
1275,250GB Holiday Value Bundle
1276,gray-32
1277,Tomb Buggy
1278,gray-14
1279,Microsoft Xbox One Console
1280,Sensei 310
1281,3DS-449U
1282,Non LED
1283,A40 TR + MixAmp Pro TR
1284,9H NaVi Team Edition
1285,black12
1286,68keys gateron brown switch
1287,Black 3ft
1288,Solid-Series
1289,Fiery Forge Battle Pack
1290,Battlefield 4
1291,Nintendo Wii
1292,60 Crowns
1293,Ultimate - CherryMX Red
1294,RGB V1
1295,SA807
1296,Legacy
1297,Eggcited Thrillipede
1298,Dune Bug Phantom Cynder Knockout Terrafin
1299,Black Red
1300,PS4/PS3
1301,Wireless
1302,gray-30
1303,Cobra Cadabra
1304,Standard
1305,RAP 4 Premium VLX (Red)
1306,Cherry MX Brown + Red LED
1307,Standard Packaging
1308,Stump Smash
1309,Ignitor Chill Zook Triple Pack
1310,4000 Points
1311,PS3 Digital Code
1312,Star Wars: Yoda Figure
1313,New Ultra Sun & Moon Hard Pouch
1314,Generation Game
1315,PlayStation 4 [Digital Code]
1316,Toad - Blue
1317,Crimson/Black
1318,Dual Pack #3
1319,02 - Xbox 360 PS4 Wii U - Black
1320,Eruptor Stealth Elf Terrafin
1321,Black15
1322,Ultimate MAC
1323,Wii Sports Resort Bundle
1324,Toad
1325,Rod Peripheral Bundle
1326,PS4 Pro
1327,SA906S White Blue
1328,8 Thumb Grips
1329,Inkling Boy (Alt Color)
1330,P100l
1331,Mega Ram Spyro S3
1332,other
1333,PC Download - Steam DRM
1334,Black13
1335,Dark Brown
1336,"7"""
1337,4000dpi Iron Mouse
1338,GOLD
1339,PlayStation Vita
1340,Gun Metal
1341,15 ft
1342,Hero
1343,black14
1344,Marvel: Ultron
1345,GMS7011
1346,Tread Head
1347,Piano Black
1348,Cartel Coins: 14500
1349,Champagne gold
1350,Single Cable
1351,Legendary
1352,PlayStation 4
1353,Nintendogs Version B
1354,3 Gaming Surface
1355,03 - Xbox One - Red
1356,DXL1
1357,Ignitor
1358,Star Wars Rebels: Kanan Jarrus Figure Light FX Figure - Amazon Exclusive
1359,red
1360,red-23
1361,Hex Green
1362,SA913 Multicolors
1363,SpiritWolf USB 7.1- Red Black
1364,TES+
1365,Blue/Red
1366,Playstation 4
1367,WII Charger
1368,Starry Sky
1369,T90 MOUSE
1370,100
1371,red-13
1372,Xbox 360/PLAYSTATION 3
1373,TRANSFORMERS BUMBLE BEE
1374,Keyboard Mouse Headset and Mousepad
1375,2200 EMP
1376,Inside Out: Sadness Figure
1377,3 Pack
1378,Peach Pink
1379,Metal Mario
1380,02 - Xbox 360 PS4 Wii U - Red
1381,WoW Battle Chest
1382,DeathAdder - Black Ops 3
1383,Digital Apex
1384,Txtured Black
1385,1500 v2 - USB Dolby 7.1
1386,Bundle with Microphone
1387,$20
1388,TK - CherryMX Green
1389,Blueberry Boom
1390,Hulkamania
1391,DVD-ROM
1392,Daisy
1393,Wired bundle (2 guitars)
1394,Elite
1395,Scary Party
1396,R.A.T.3
1397,HS30 Stereo Gaming Headset
1398,3DS XL
1399,gray-61
1400,R.O.B.
1401,Marvel: Ant-Man Figure
1402,Green Lighting
1403,Lucina
1404,Black and Red
1405,Starter Pack
1406,blue clear Silver
1407,Halo 3 Special Edition (with HDMI)
1408,Whirl Wind
1409,CamouflageBlue
1410,Crypt Crusher
1411,XFA
1412,XM7
1413,Mamba Chroma Tournament Edition (Wired)
1414,Amazon Warrior Armor
1415,MMO Left
1416,The Legend of Zelda Adventurer's Pouch
1417,T80-wire
1418,Man'OWar 7.1 (Wired)
1419,Keyboard
1420,2x
1421,113
1422,Desert Strike
1423,Black 2013
1424,Deluxe - Steam DRM
1425,gray-7
1426,Black And Red
1427,Sonic Boom Sprocket Stump Smash
1428,Game with free Graphic Novel
1429,gray-56
1430,Cherry MX Brown Switch
1431,Legend
1432,red-8
1433,SKIN
1434,SA-807 Green Headsetfor PS4
1435,12000dpi MMO Mouse
1436,Rocky Roll
1437,SA708 Black Green
1438,CHERRY MX RED RGB
1439,Time Figure
1440,3.5 x 8.3 x 8.3 inches
1441,Horizontal
1442,66 ft
1443,Mega Man
1444,One Pack
1445,Star Wars: Han Solo Figure
1446,Extended RGB 2016
1447,1200 G1 Credits
1448,Large Black
1449,Inkling Girl (Alt Color)
1450,Smoke/Onyx
1451,Mario - Red
1452,Shield Striker
1453,(DVD-rom)
1454,Core
1455,Emily
1456,Pro
1457,Transparent Blue
1458,XT - CherryMX Blue
1459,Racing Wheel
1460,With Bracket
1461,Red Mechanical Switch
1462,Marvel: Black Panther Figure
1463,Viva Pinata
1464,Alchemy Gold
1465,130
1466,Pittsburgh Steelers
1467,No Bracket
1468,Value Bundle
1469,Home Button Power Switch Stickers
1470,Grape
1471,Standard (DVD)
1472,Lava Barf Eruptor S3
1473,Winter
1474,Old Model
1475,Apex
1476,Blade Controller and Game
1477,Blue Lighting
1478,Standard (White)
1479,Black White
1480,PS4 Digital Code
1481,PS Vita / PS3 Digital Code
1482,LittleBigPlanet 2 Special Edition
1483,white
1484,Wireless bundle
1485,WH+LB
1486,Worgen
1487,Kids Room
1488,Light Pink
1489,Super Mario Maker
1490,Waddle Dee
1491,Racing Sky Pack
1492,10th Anniversary
1493,Shifter Only
1494,Professional 7.1 Surround Gaming Headset
1495,RGB-Black
1496,Augmented
1497,Software Only
1498,Gram Black
1499,Transparent Green
1500,60 ft
1501,PURPLE
1502,Fist Bump
1503,128 x 67 x 37 mm
1504,Plus
1505,regular
1506,Black Alcantara
1507,Special Edition
1508,Paperback
1509,180 Day Membership
1510,Force Feedback Racing Wheel
1511,Automatron Add-On
1512,PC + PS4 Compatible
1513,Let's Sing 2016 - PlayStation 4
1514,2TS Black
1515,Channel Battles
1516,Deep Blue
1517,Xbox One Digital Code
1518,Basic
1519,Suspension Headband Gaming Headset for PS4
1520,Blanka
1521,Frost Blue
1522,DEMO
1523,Pro 60GB w/ 2 Bonus Games
1524,Sunburst
1525,DS300 Gaming Mouse
1526,Turntable Bundle
1527,16 PCS
1528,Cable
1529,Video Game
1530,Chrome Purple
1531,Faceplate
1532,Luigi - Green
1533,red-11
1534,Scratch
1535,DS 100 Gaming Mouse
1536,Mario - Silver
1537,Tron: Sam Flynn Figure
1538,Pokemon Black
1539,BUTTERFLIES
1540,Wheel Only
1541,Charizard
1542,Perfect Patio Stuff
1543,T3PA 3-Pedal
1544,gray-27
1545,Yellow orange red green pink
1546,4GB with Kinect Holiday Value Bundle
1547,8.10in. x 6.70in. x 2.60in.
1548,Black11
1549,Brown Mechanical Switch
1550,BL+BU
1551,Cammy
1552,83
1553,black3
1554,Animal Friends
1555,Cherry MX Blue (Red LED)
1556,01 - Xbox 360 PS4 Wii U - Black/Green
1557,10
1558,000SKSK
1559,XM8
1560,Black And Gold
1561,Black/Black
1562,gray-49
1563,DS 200 Gaming Mouse
1564,82keys gateron brown switch white
1565,Expansion Pack
1566,Solid White
1567,Lightcore Drobot
1568,gray-44
1569,XT - CherryMX Brown
1570,Excalibur V2
1571,Awakening DLC
1572,Guitar Bundle
1573,gray-8
1574,Love Potion Pop Fizz
1575,Patrol Tech
1576,Wreck-It Ralph
1577,Dust Cover
1578,ZEUS M1
1579,Red Switches
1580,Cherry MX Blue Switch
1581,Link - Gold
1582,TiTOP Stand - Gold
1583,Lego Batman + Sly Collection (500GB)
1584,Cherry MX Red (Red LED)
1585,K85 Blue Switch
1586,Stereo w/ Dolby 7.1 Adapter-Carbon
1587,Steam DRM
1588,MK3Black-Blue switches
1589,!other
1590,Racing Sea Pack
1591,Pink/Purple
1592,Anarchy's Children
1593,Waluigi
1594,Faceplate-Series
1595,Single-Color
1596,gray-9
1597,SpiritWolf USB 7.1- White Blue
1598,Xbox One / Windows 10 Digital Code
1599,2400 Points
1600,128 x 67 x 40 mm
1601,Ultimate (Early Access)
1602,sa920white
1603,Black/White
1604,Create-a-Pet Demo
1605,Extended
1606,Black9
1607,Accessory
1608,B&W Tatoo
1609,M40 4000 DPI optical sensor
1610,GM70 GAMING MOUSE
1611,$25 Gift Card
1612,3200 Points
1613,Sagat
1614,Interceptor Series
1615,Cable Included
1616,Blue Black 1
1617,PC Gaming headset--Blue
1618,Model 7000
1619,Apex M750
1620,Naga Trinity
1621,30 Day Membership
1622,Black & Gray
1623,Echo
1624,2-Pack - Red/ Blue Skin Case
1625,Lone Ranger Play Set
1626,Orange
1627,Pokeball GamePad
1628,Sakura Purple
1629,Rubberized Black
1630,DS B1 Gaming Mouse
1631,Blue with Mega Gengar
1632,Base Game - PC
1633,H1500 USB Dolby 7.1 Gaming Headset
1634,PC Monster Race
1635,Burn Cycle
1636,Samus
1637,Day One 2013
1638,RGB Mercury
1639,5.1 Surround
1640,VENGEANCE MX Brown RED LED
1641,A50 - Black
1642,gray-43
1643,Krypt King
1644,Physical Disc
1645,Chrome Silver
1646,P100 for Playstation 4 PlayStation 3
1647,Green/Yellow
1648,Bundle w/Microphone
1649,Atheris
1650,.!Only Bluetooth 2.0
1651,Nintendo WiiU
1652,Double Trouble
1653,Kombat Pack
1654,Sega Game Gear
1655,500GB Call of Duty Bundle
1656,Compact RGB
1657,Tuff Luck
1658,B3
1659,Ghost
1660,gray-13
1661,Zelda
1662,Goblin
1663,G1000 Red
1664,Green
1665,Nintendo 3DS
1666,Japan
1667,Immerse GH70
1668,Stealth Stinger
1669,Black&Orange
1670,Camo-Series-Grip
1671,Phantom Cynder
1672,Tiger
1673,Black-10
1674,Arcmage White
1675,PS4 Console
1676,Callie & Marie 2-Pack
1677,75 Treasure Hunter Keys
1678,Dual Pack #1
1679,Standard - Steam DRM
1680,Purple/Light Gray
1681,Black with RGB back light
1682,gray-36
1683,Rival 600
1684,7-Color LED Backlight
1685,3-Pack - Black/Red/Blue Skin Case
1686,25 Treasure Hunter Keys
1687,Blue Black
1688,94 ft
1689,Portable Analog Gaming Headset
1690,XM9
1691,RGB Smart
1692,Dine Out
1693,PlayStation Vita - Standard Edition
1694,Small
1695,Spirit Wolf USB White
1696,48
1697,Chun-Li
1698,gray-34
1699,SA-810 BlackBlue
1700,Obi-Wan/Yoda/Darth Vader
1701,939P PS4 Headset(Red)
1702,gray-15
1703,90 Day Membership
1704,Black Orange
1705,K83 Blue
1706,Card
1707,Keyboard and Mouse (New Improved Version)
1708,13ft
1709,120G
1710,Mouse
1711,Red Mario with New Super Mario Bros.
1712,N100p Charging Case
1713,800 Points
1714,A55 PC Gaming Headset
1715,Blue Cherry MX
1716,Alternate Boxart
1717,RGB
1718,Refurbished
1719,Mighty Castle Pack
1720,Durandal Ultimate
1721,PG-original
1722,Stand-Alone Software
1723,Base Game
1724,Smolderdash
1725,AV Cable
1726,gray-10
1727,Titanium
1728,60 Day time card
1729,GMS5501
1730,G1000-Blue
1731,GHS2000
1732,Sheik
1733,Ultimate Sith
1734,camo green
1735,RGB Ventus
1736,RGB Backlight (Black)
1737,Splat
1738,Gram White
1739,PS4 Gripmax Sniper
1740,Gill Grunt Flashwing Double Trouble
1741,Cars Play Set
1742,Sliver
1743,Neon Red
1744,81
1745,T3PA-PRO 3-Pedal
1746,Game Boy Color
1747,Black6
1748,red-16
1749,Symph Premium
1750,Arizona Cardinals
1751,Gray
1752,Black Pokeball
1753,Retro Zelda
1754,K5 Gaming Headset
1755,45
1756,Xbox One + PC
1757,red-31
1758,Graphite Grey
1759,1 Month Subscription
1760,Nebulus
1761,gray-25
1762,Stealth - CherryMX Green
1763,Star Wars The Force Awakens: Poe Dameron Figure
1764,Premium
1765,Inside Out: Play Set
1766,Vintage Flag
1767,PlayStation 2 and 3
1768,Hotrod
1769,Hex Red
1770,Starter Kit
1771,Neon Stars
1772,1 Year Membership and 12000 AC
1773,BLUE
1774,Black with Green
1775,Neon Green
1776,Game System Case
1777,Fox
1778,Black 20FT
1779,Knight Light
1780,Standard with TriOviz 3D Glasses
1781,Boomer
1782,Electric Blue 2
1783,GT Racing Wheel
1784,Polka Dot
1785,Inside Out: Fear Figure
1786,Mad Hatter Figure
1787,Marvel Super Heroes Toy Box Game Discs
1788,Coral Pink
1789,Kryptonite
1790,red-9
1791,Ultimate Collection
1792,Hot Dog
1793,Grey/Green
1794,2
1795,Phineas & Ferb Toy Box Pack
1796,SA810 Black Blue
1797,G10-87 Keys Compact Design Keyboard-suitable for office and gaming
1798,Char ger
1799,Tactical Audio Controller
1800,XT - CherryMX Green
1801,250GB Elite Modern Warfare 2 Limited Ed
1802,Prism Break Boomer Voodood
1803,Splatoon
1804,Diddy Kong
1805,Grip 300 Gaming Mouse w/ Mouse Pad
1806,Carbon
1807,Zoo Lou
1808,127
1809,Limited Edition Pink Ribbon
1810,Two Pack
1811,Honeydew
1812,137
1813,Roller Brawl
1814,Alpha
1815,King Dedede
1816,Trial
1817,Rapid - CherryMX Green
1818,10 FT - Black
1819,Black21
1820,PS Vita Digital Code
1821,Light Grey
1822,Scorp Twin Blade Chop Chop Heavy Duty Sprocket
1823,Disney Original Power Disc Pack
1824,Luigi
1825,Dune Bug
1826,PlayStation 4 Digital Code
1827,red-7
1828,Original PS4
1829,Rapid-I Brown
1830,Mamba Hyperflux
1831,Xbox One 1TB Elite Console Bundle
1832,PC Download
1833,Metallic Rose - Limited Edition
1834,400 NCoin
1835,Graphite
1836,Online Game Code
1837,Star Wars Twilight of the Republic: Power Disc Pack
1838,Katy Perry Collector's
1839,Cynder Lightning Rod Zook
1840,Starter Pack - Origin
1841,Edge Controller and Game
1842,Mario
1843,Arena REQ Bundle
1844,PlayStation2
1845,Signature
1846,Glow-in-Dark-Series
1847,Neon Yellow
1848,gray-62
1849,Wall Charger
1850,Peach Version
1851,includes Extreme Green Controller
1852,Black Blue
1853,red-21
1854,SteelBook
1855,Clear
1856,Dragonfire Cannon - Chop Chop - Shroomboom
1857,ManO'War Tournament Edition - Destiny 2
1858,80
1859,Black & White
1860,Gill Runt & Thumpling
1861,gray
1862,Anakin/Count Dooku/Mace Windu
1863,2-Pack-Black
1864,Biohazard
1865,Black and Gray
1866,Small Fry & Weeruptor
1867,Black/Red
1868,Power Blue - Trigger Happy
1869,Butterscotch
1870,Chrome Blue
1871,Halo: The Master Chief
1872,DVD-Rom
1873,Clear Blue
1874,Glacier White
1875,Standard - Steam
1876,High Five
1877,Red.
1878,BL+GR+WH
1879,3 Months
1880,16.8M RGB
1881,2 Pack Bomb Black
1882,Smoke
1883,250GB Console
1884,50
1885,Bundle with Bluetooth Headset
1886,playstation_vita
1887,Chima Eris Fun Pack
1888,Game of the Year
1889,Deadmund's Quest/Sports Champions
1890,Playstation Vita
1891,3DS
1892,Brown
1893,Star Wars: Rise Against the Empire Power Disc Pack
1894,The Legend of Zelda Hylian Shield Case
1895,G230 Stereo
1896,$10 Gift Card
1897,Pikachu
1898,Pet Pack - The Troobles
1899,black9
1900,gray-57
1901,P4-Metal Thumbsticks Grey
1902,Violet
1903,Magma Red
1904,Mazer: black
1905,red-29
1906,A9blue
1907,Star Wars Rebels: Bundle - Amazon Exclusive
1908,Limited Edition Spring 2014 Punk Shock
1909,Blue with Pikachu
1910,gray-22
1911,PS4 Slim
1912,Heat Orange
1913,MAC
1914,Hijinx & Eye Small
1915,red-6
1916,Black25
1917,Gloss red
1918,Autobots
1919,The Legend of Zelda
1920,Stick
1921,Plush Bundle
1922,Sure Shot Shroombroom
1923,Standard Game
1924,Sheep Wreck Island Adventure Pack
1925,Ryu
1926,Switch
1927,Deluxe Vehicle Pack
1928,MGK1-K
1929,gray-47
1930,1pcs Black
1931,Meta Knight
1932,Camouflage 2
1933,Black - BT Headphone USB Audio Transmitter PC Set DG59
1934,7 Gaming Surface
1935,Gold - Limited Edition
1936,$50 Gift Card
1937,2 Pack Solid-Series Black
1938,PC + Xbox One Compatible
